31554;719832;1087463382;1809076;Monsieur CHALUS Ary;NotifOK
32145;1595860;1090188425;1809156;Monsieur CORNUT-GENTILLE François;NotifOK
32146;1595862;1087463422;1809082;Monsieur CHAMBEFORT Guy;NotifOK
32147;1595867;1087463450;1809083;Monsieur CHANTEGUET Jean-Paul;NotifOK
32148;1595873;1087452643;1809086;Madame CHAPDELAINE Marie-Anne;NotifOK
32149;1595878;1090182388;1809087;Monsieur CHARASSE Gérard;NotifOK
32150;1595883;1090182585;1809089;Monsieur CHARROUX Gaby;NotifOK
32151;1595888;1090182668;1809091;Monsieur CHARTIER Jérôme;NotifOK
32152;1595894;1090182862;1809093;Monsieur CHASSAIGNE André;NotifOK
32153;1595899;1090182970;1809094;Monsieur CHATEL Luc;NotifOK
32154;1595904;1090183229;1809098;Monsieur CHAUVEAU Guy-Michel;NotifOK
32155;1595909;1087440010;1808940;Monsieur BLAZY Jean-Pierre;NotifOK
32156;1595915;1087440072;1808942;Monsieur BLEIN Yves;NotifOK
32157;1595922;1091917536;1808943;Monsieur SANTINI André;NotifOK
32158;1595928;1087442789;1808967;Madame BOURGUIGNON Brigitte;NotifOK
32159;1595166;1087442799;1808968;Monsieur BOUTIH Malek;NotifOK
32160;1595934;1087463336;1809064;Monsieur CAULLET Jean-Yves;NotifOK
32161;1595958;1087463340;1809066;Monsieur CAVARD Christophe;NotifOK
32162;1595963;1087463354;1809072;Monsieur CENSI Yves;NotifOK
32163;1595970;1090816054;1809384;Monsieur FRANCAIX Michel;NotifOK
32164;1595976;1090816137;1809387;Monsieur FRANCINA Marc;NotifOK
32165;1595982;1090747671;1809390;Monsieur FRANQUEVILLE Christian;NotifOK
32166;1595988;1090815381;1809393;Monsieur FROMION Yves;NotifOK
32167;1595994;1090815442;1809394;Monsieur FRUTEAU Jean-Claude;NotifOK
32168;1596000;;1809447;Monsieur GIACOBBI Paul;NotifOK
32169;1596006;1087439952;1808938;Monsieur BINET Erwann;NotifOK
32170;1596012;1087453243;1809003;Madame BULTEAU Sylviane;NotifOK
32171;1596017;1087453273;1809005;Monsieur BURRONI Vincent;NotifOK
32172;1596022;1087454084;1809006;Monsieur BUSSEREAU Dominique;NotifOK
32173;1596027;1087463116;1809021;Monsieur CAMBADELIS Jean-Christophe;NotifOK
32174;1596032;1087463150;1809031;Monsieur CANDELIER Jean-Jacques;NotifOK
32175;1596037;1087463175;1809035;Madame CAPDEVIELLE Colette;NotifOK
32176;1596042;1087463209;1809038;Monsieur CAPET Yann;NotifOK
32177;1596047;1087463217;1809039;Monsieur CARESCHE Christophe;NotifOK
32178;1596052;1087463319;1809060;Monsieur CASTANER Christophe;NotifOK
32179;1596058;;1808845;Monsieur BACHELAY Alexis;
32180;1596064;;1808848;Monsieur BACHELAY Guillaume;
32181;1596070;;1808849;Monsieur BACQUET Jean-Paul;
32182;1596076;;1808851;Monsieur BAERT Dominique;
32183;1596082;;1808852;Monsieur BAILLIART Guy;
32184;1596088;;1808856;Monsieur BALKANY Patrick;
32185;1596094;;1808867;Monsieur BATAILLE Christian;
32186;1596100;;1808868;Madame BATHO Delphine;
32187;1596106;;1808871;Madame BATTISTEL Marie-Noëlle;
32188;1596114;;1808875;Monsieur BAUMEL Laurent;
32189;1596120;;1808881;Monsieur BAUMEL Philippe;
32190;1596126;;1808884;Monsieur BAUPIN Denis;
32191;1596135;;1808885;Monsieur BAYS nicolas;
32192;1596141;;1808915;Madame BECHTEL Marie-Françoise;
32193;1596147;;1808916;Monsieur BEFFARA Jean-Marie;
32194;1596153;;1808919;Madame BELLO Huguette;
32195;1596158;1087439175;1808928;Madame BERGER Karine;NotifOK
32196;1596164;1087439237;1808929;Monsieur BERRIOS Sylvain;NotifOK
32197;1596170;1087439425;1808931;Madame BERTHELOT Chantal;NotifOK
32198;1596177;1087439537;1808933;Madame BESSE Véronique;NotifOK
32199;1596183;1087439574;1808934;Madame BIEMOURET Gisèle;NotifOK
32200;1596252;1087439833;1808937;Monsieur BIES Philippe;NotifOK
32201;1596308;;1808857;Monsieur BALLAY Alain;
32202;1596313;1087440125;1808945;Monsieur BOCQUET Alain;NotifOK
32203;1596320;1087440231;1808948;Monsieur BOISSERIE Daniel;NotifOK
32204;1596326;1087440277;1808949;Monsieur BOMPARD Jacques;NotifOK
32205;1596334;1087440355;1808951;Madame BONNETON Michèle;NotifOK
32206;1596340;1087440385;1808952;Monsieur BONNOT Marcel;NotifOK
32207;1596346;1087440462;1808957;Monsieur BOUCHET Jean-Claude;NotifOK
32208;1596391;1087442707;1808961;Madame BOUILLE Marie-Odile;NotifOK
32209;1596397;1087442741;1808965;Monsieur BOUILLON Christophe;NotifOK
32210;1596403;1087442777;1808966;Monsieur BOURDOULEIX Gilles;NotifOK
32211;1596409;1090814552;1809168;Monsieur CUVILLIER Frédéric;NotifOK
32212;1596415;1090814601;1809169;Madame DAGOMA Seybah;NotifOK
32213;1596421;1090814622;1809178;Madame DALLOZ Marie-Christine;NotifOK
32214;1596427;1090814719;1809186;Monsieur DANIEL Yves;NotifOK
32215;1596433;1090814780;1809187;Monsieur DA SILVA Carlos;NotifOK
32216;1596439;1090814824;1809196;Monsieur DAUBRESSE Marc-Philippe;NotifOK
32217;1596446;;1808860;Monsieur BARBIER Frédéric;
32218;1596452;;1808862;Monsieur BARBIER Jean-Pierre;
32219;1596458;;1808863;Monsieur BARDY Serge;
32220;1596464;;1808866;Monsieur BARTOLONE Claude;
32221;1596469;1087463235;1809043;Madame CARLOTTI Marie-Arlette;NotifOK
32222;1596474;1087463242;1809046;Monsieur CARPENTIER Jean-Noel;NotifOK
32223;1596479;1087463276;1809047;Monsieur CARRE Olivier;NotifOK
32224;1596484;1087463281;1809048;Monsieur CARREZ Gilles;NotifOK
32225;1596489;1087463293;1809058;Madame CARRILLON-COUVREUR Martine;NotifOK
32226;1596502;1087463298;1809059;Monsieur CARVALHO Patrice;NotifOK
32227;1596507;1087442809;1808970;Madame BOUZIANE-LAROUSSI Kheira;NotifOK
32228;1596513;1087442833;1808971;Madame BOYER Valérie;NotifOK
32229;1596519;1087442845;1808972;Monsieur BREHIER Emeric;NotifOK
32230;1596525;1091342213;1810086;Madame PERNOD BEAUDON Stéphanie;NotifOK
32231;1596531;1091342220;1810091;Monsieur PERRUT Bernard;NotifOK
32232;1596537;1091342224;1810093;Monsieur PHILIPPE Edouard;NotifOK
32233;1596543;1091240562;1810098;Monsieur PIRON Michel;NotifOK
32234;1596549;1091342252;1810100;Monsieur PLISSON Philippe;NotifOK
32235;1596555;1091342263;1810105;Madame POCHON Elisabeth;NotifOK
32236;1596561;1091342296;1810132;Monsieur POUZOL Michel;NotifOK
32237;1596567;1091093970;1810135;Monsieur PREMAT Christophe;NotifOK
32238;1596573;;1810137;Monsieur PUEYO Joaquim;NotifOK
32239;1596579;;1810138;Monsieur PUPPONI François;NotifOK
32240;1596585;1091094159;1810366;Monsieur TERRASSE Pascal;NotifOK
32241;1596591;1091094171;1810367;Monsieur TERROT Michel;NotifOK
32242;1596597;1091481101;1810370;Monsieur TETART Jean-Marie;NotifOK
32243;1596603;1091094180;1810382;Monsieur THÉVENOT Pascal;NotifOK
32244;1596609;1091481126;1810424;Monsieur THÉVENOUD Thomas;NotifOK
32245;1596615;1091094222;1810427;Monsieur TIAN Dominique;NotifOK
32246;1596621;1091481144;1810428;Madame TOLMONT Sylvie;NotifOK
32247;1596627;1091481167;1810429;Monsieur TOURAINE Jean-Louis;NotifOK
32248;1596633;1091481189;1810431;Monsieur TOURRET Alain;NotifOK
32249;1595187;1091918081;1810433;Monsieur TRAVERT Stéphane;NotifOK
32250;1596639;1091094241;1810436;Monsieur TRIGANCE Yannick;NotifOK
32251;1596645;1091918109;1810446;Madame TROALLIC Catherine;NotifOK
32252;1596651;1091240785;1810452;Madame UNTERMAIER Cécile;NotifOK
32253;1596657;1091094265;1810455;Monsieur VAILLANT Daniel;NotifOK
32254;;;1810466;Monsieur VALAX Jacques;
32256;;;1810468;Monsieur VALLS Manuel;
32257;;;1810477;Monsieur VANNSON François;
32258;1596678;1090747776;1809210;Madame DELAUNAY Michèle;NotifOK
32259;1596684;1090778462;1809211;Monsieur DELACOURT Guy;NotifOK
32260;1595198;1090812194;1809212;Madame DELGA Carole;NotifOK
32261;1596694;1090963497;1809788;Monsieur LEFEBVRE Dominique;NotifOK
32262;1596700;1090963186;1809593;Madame GUEUGNEAU Edith;NotifOK
32263;1596706;1091093998;1810217;Madame RABIN Monique;NotifOK
32264;1596712;;1810218;Madame RÉCALDE Marie;NotifOK
32265;1596718;1091240590;1810230;Monsieur REISS Frédéric;NotifOK
32266;1596724;1091094578;1810257;Monsieur ROBINET Arnaud;NotifOK
32267;1596730;1091094601;1810261;Monsieur DE ROCCA SERRA Camille;NotifOK
32268;1596736;1091094629;1810262;Monsieur ROCHEBLOINE François;NotifOK
32269;1596742;1091094635;1810263;Monsieur RODET Alain;NotifOK
32270;1596748;1091481080;1810364;Monsieur TAUGOURDEAU Jean-Charles;NotifOK
32271;1596754;1091481089;1810365;Monsieur TEISSIER Guy;NotifOK
32272;1596775;1091240803;1810493;Madame VAUTRIN Catherine;NotifOK
32273;1596781;1091094278;1810496;Monsieur VAUZELLE Michel;NotifOK
32274;1596787;1091918286;1810502;Monsieur VERCAMER Francis;NotifOK
32275;1596793;1091094561;1810094;Monsieur PIETRASANTA Sébastien;NotifOK
32276;1596799;1091342234;1810097;Madame PIRES BEAUNE Christine;NotifOK
32277;1596805;1091239771;1809837;Monsieur LE ROUX Bruno;NotifOK
32278;1596811;1091239813;1809840;Monsieur LEROY Arnaud;NotifOK
32279;1596817;1091239829;1809849;Monsieur LEROY Maurice;NotifOK
32280;1596823;1091239839;1809850;Madame LE ROY Marie-Thérèse;NotifOK
32281;1596829;1091239862;1809851;Monsieur LESAGE Michel;NotifOK
32282;1596835;1091239881;1809853;Monsieur LESTERLIN Bernard;NotifOK
32283;1596841;1091342058;1809980;Monsieur MENNUCCI Patrick;NotifOK
32284;1596848;1090815465;1809396;Monsieur FURST Laurent;NotifOK
32285;1596854;1090815502;1809400;Monsieur GAGNAIRE Jean-Louis;NotifOK
32286;1596860;1090815525;1809404;Madame GAILLARD Geneviève;NotifOK
32287;1596866;1090815566;1809409;Monsieur GALUT Yann;NotifOK
32288;1596872;1091094535;1809984;Monsieur MESLOT Damien;NotifOK
32289;1596878;1091342064;1809985;Monsieur MESQUIDA Kléber;NotifOK
32290;1596884;1091342070;1809988;Monsieur MEUNIER Philippe;NotifOK
32291;1596890;;1810234;Monsieur REYNÈS Bernard;NotifOK
32292;1596896;1091094005;1810235;Monsieur REYNIER Franck;NotifOK
32293;1596902;1091342328;1810238;Monsieur RIBEAUD Pierre;NotifOK
32294;1596963;1091342338;1810239;Monsieur RICHARD Arnaud;NotifOK
32295;1596969;1091342349;1810242;Monsieur RIHAN CYPEL Eduardo;NotifOK
32296;1596975;1091342358;1810255;Monsieur ROBILIARD Denys;NotifOK
32297;1596981;1091094026;1810265;Monsieur ROGEMONT Marcel;NotifOK
32298;1596987;1091094677;1810266;Madame ROHFRITSCH Sophie;NotifOK
32299;1596993;1091094086;1810269;Monsieur ROIG Frédéric;NotifOK
32300;1596999;1090963145;1809468;Monsieur GORGES Jean-Pierre;NotifOK
32301;1597005;1090963146;1809469;Monsieur GOSSELIN Philippe;NotifOK
32302;1597011;1090963147;1809470;Madame GOSSELIN-FLEURY Geneviève;NotifOK
32303;1597017;1090963149;1809568;Madame GOT Pascale;NotifOK
32304;1597023;1090963151;1809569;Monsieur GOUA Marc;NotifOK
32305;1597029;1090963154;1809571;Madame GOURJADE Linda;NotifOK
32306;1597035;1090963155;1809574;Monsieur GRANDGUILLAUME Laurent;NotifOK
32307;1597041;1091917575;1809575;Madame GREFF Claude;NotifOK
32308;1597047;1090963156;1809579;Monsieur GRELLIER Jean;NotifOK
32309;1597053;1090963157;1809580;Madame GROSSKOST Arlette;NotifOK
32310;1597059;1090813687;1809355;Madame ERRANTE Sophie;NotifOK
32311;1597065;1090814374;1809356;Madame FABRE Marie-Hélène;NotifOK
32312;1597071;1090814409;1809357;Monsieur FALORNI Olivier;NotifOK
32313;1597077;1090815931;1809380;Monsieur FOURNEL Jean-Marc;NotifOK
32314;1597083;1090815607;1809410;Monsieur DE GANAY Claude;NotifOK
32315;1597089;1090815625;1809412;Monsieur GANDOLFI-SCHEIT Sauveur;NotifOK
32316;1597095;1090963110;1809452;Monsieur GINESTA Georges;NotifOK
32317;1597101;1090963413;1809740;Monsieur LASSALLE Jean;NotifOK
32318;1597107;1090963425;1809743;Monsieur LAUNAY Jean;NotifOK
32319;1597113;1090813814;1809228;Monsieur DESTANS Jean-Louis;NotifOK
32320;1597119;1090813853;1809230;Monsieur DESTOT Michel;NotifOK
32321;1597125;1090813958;1809235;Monsieur DHUICQ Nicolas;NotifOK
32322;1597131;1091240423;1809907;Madame MARCEL Marie-Lou;NotifOK
32323;1597137;1091100049;1809910;Madame MARECHAL-LE PEN Marion;NotifOK
32324;945811;1090184403;1809099;Madame CHAUVEL Dominique;NotifOK
32325;1597143;1090184481;1809101;Monsieur CHERKI Pascal;NotifOK
32326;1597148;1090184605;1809103;Monsieur CHERPION Gérard;NotifOK
32327;1597153;1090814389;1809162;Monsieur COURTIAL Edouard;NotifOK
32328;1597159;1090963350;1809700;Madame LACLAIS Bernadette;NotifOK
32329;1597165;1090963352;1809701;Madame LACROUTE Valérie;NotifOK
32330;1597173;1090963355;1809702;Madame LACUEY Conchita;NotifOK
32331;1597179;1090815984;1809382;Madame FOURNEYRON Valérie;NotifOK
32332;1597185;1090187827;1809118;Monsieur CLEMENT Jean-Michel;NotifOK
32333;1597190;1090815194;1809425;Monsieur GAUQUELIN Renaud;NotifOK
32334;1597196;1090813580;1809446;Monsieur GEST Alain;NotifOK
32335;1597202;1090963104;1809448;Monsieur GIBBES Daniel;NotifOK
32336;1597208;1090963106;1809450;Monsieur GILARD Franck;NotifOK
32337;1597215;1090963108;1809451;Monsieur GILLE Jean-Patrick;NotifOK
32338;1597221;1090963189;1809597;Madame GUIGOU Elizabeth;NotifOK
32339;1597227;1090815285;1809428;Madame GENEVARD Annie;NotifOK
32340;1597233;1090815305;1809430;Monsieur GEOFFROY Guy;NotifOK
32341;1597239;1090815227;1809427;Monsieur GAYMARD Hervé;NotifOK
32342;1597245;1090184877;1809108;Monsieur CHRIST Jean-Louis;NotifOK
32343;1597250;1090184960;1809112;Monsieur CINIERI Dino;NotifOK
32344;1597255;1090185019;1809113;Monsieur CIOT Jean-David;NotifOK
32345;1597260;1090185094;1809114;Monsieur CIOTTI Eric;NotifOK
32346;1597265;1090187703;1809115;Monsieur CLAEYS Alain;NotifOK
32347;1597270;1090187778;1809117;Monsieur CLAIREAUX Stéphane;NotifOK
32348;1597278;1090184806;1809106;Monsieur CHRETIEN Alain;NotifOK
32349;1597283;1087442889;1808975;Madame BRENIER Marine;NotifOK
32350;1597289;1087442895;1808976;Monsieur BRETON Xavier;NotifOK
32351;1597295;1087442787;1808977;Monsieur BRIAND Philippe;NotifOK
32352;1597300;1087451888;1808984;Monsieur BRICOUT Jean-Louis;NotifOK
32353;1597305;1087452431;1808985;Monsieur BRIDEY Jean-Jacques;NotifOK
32354;1597310;1087452786;1808987;Monsieur BROCHAND Bernard;NotifOK
32355;1597315;1087452907;1808990;Madame BUFFET Marie-Georges;NotifOK
32356;1597320;1087453083;1808991;Madame BUIS Sabine;NotifOK
32357;1597325;1087453170;1809000;Monsieur BUISINE Jean-Claude;NotifOK
32358;1597330;1090814411;1809164;Madame COUTELLE Catherine;NotifOK
32359;1597336;1090814448;1809165;Monsieur COUVE Jean-Michel;NotifOK
32360;1597343;1090814468;1809166;Monsieur CRESTA Jacques;NotifOK
32361;1597349;1090814522;1809167;Madame CROZON Pascale;NotifOK
32362;1597355;1090812435;1809199;Monsieur DEFLESSELLES Bernard;NotifOK
32363;1597361;1090812571;1809200;Monsieur DEGALLAIX Laurent;NotifOK
32364;1597367;1090963207;1809610;Monsieur HABIB David;NotifOK
32365;1597373;1090963216;1809611;Monsieur HAMMADI Razzy;NotifOK
32366;1597379;1090963218;1809612;Monsieur HAMON Benoît;NotifOK
32367;1597385;1091240462;1809919;Monsieur MARITON Hervé;NotifOK
32368;1597391;1090813763;1809358;Monsieur FASQUELLE Daniel;NotifOK
32369;1597397;1090814067;1809359;Monsieur FAURE Olivier;NotifOK
32370;1597403;1090954802;1809360;Madame FAURE Martine;NotifOK
32371;1597409;1090814165;1809363;Monsieur FAVENNEC Yannick;NotifOK
32372;1597415;1090814213;1809365;Monsieur FENECH Georges;NotifOK
32373;1597421;1090963384;1809720;Monsieur LAMBLIN Jacques;NotifOK
32374;1597431;1090963388;1809723;Monsieur LAMOUR Jean-François;NotifOK
32375;1597437;1090963399;1809728;Monsieur LAMY François;NotifOK
32376;1597443;1090963402;1809729;Madame LANG Anne-Christine;NotifOK
32377;1597449;1090963194;1809607;Madame GUITTET Chantal;NotifOK
32378;1597455;1090963203;1809609;Monsieur HABIB Meyer;NotifOK
32379;1597461;1090963226;1809615;Monsieur HANOTIN Mathieu;NotifOK
32380;1597467;1090963233;1809620;Monsieur HETZEL Patrick;NotifOK
32381;1597473;1090963238;1809635;Monsieur HILLMEYER Francis;NotifOK
32383;1597479;1090963242;1809636;Madame HOBERT Gilda;NotifOK
32384;1597485;1090963245;1809637;Monsieur HOUILLON Philippe;NotifOK
32385;1597491;1091342307;1810133;Madame POVEDA Régine;NotifOK
32386;1597497;1091342323;1810134;Monsieur PRAT Patrice;NotifOK
32387;1597503;1091093893;1810110;Madame POLETTI Bérengère;NotifOK
32388;1597509;1091093918;1810112;Monsieur POLUTÉLÉ Napole;NotifOK
32389;1597515;1091342288;1810114;Monsieur PONIATOWSKI Axel;NotifOK
32390;1597522;1091093926;1810115;Madame PONS Josette;NotifOK
32391;1597528;1091093940;1810130;Monsieur POPELIN Pascal;NotifOK
32392;1597534;1091093961;1810131;Monsieur POTIER Dominique;NotifOK
32393;1597540;1090963265;1809658;Madame IMBERT Françoise;NotifOK
32394;1597546;1090963268;1809660;Monsieur ISSINDOU Michel;NotifOK
32395;1597552;1090963276;1809661;Monsieur JACOB Christian;NotifOK
32396;1597558;1090963278;1809662;Monsieur JACQUAT Denis;NotifOK
32397;1597564;1090963289;1809666;Monsieur JANQUIN Serge;NotifOK
32398;1597570;1090815845;1809375;Madame FORT Marie-Louise;NotifOK
32399;1597576;1090963297;1809668;Monsieur JEGO Yves;NotifOK
32400;1597582;1090963299;1809669;Monsieur JIBRAYEL Henri;NotifOK
32401;1597588;1090814133;1809361;Monsieur FAURÉ Alain;NotifOK
32402;1597594;1090814330;1809367;Monsieur FERRAND Richard;NotifOK
32403;1597600;1090963101;1809368;Madame FILIPPETTI Aurélie;NotifOK
32404;1597606;1090815691;1809371;Monsieur FILLON François;NotifOK
32405;1597616;1090963103;1809372;Madame FIORASO Geneviève;NotifOK
32406;1597622;1090815755;1809373;Monsieur FOLLIOT Philippe;NotifOK
32407;1597628;1090815871;1809378;Monsieur FOULON Yves;NotifOK
32408;1597634;1090815896;1809379;Monsieur FOURAGE Hugues;NotifOK
32409;1597643;1090963356;1809703;Monsieur LAFFINEUR Marc;NotifOK
32410;1597649;1090963357;1809707;Madame LAGARDE Sonia;NotifOK
32411;1597655;1090963373;1809713;Monsieur LAGARDE Jean-Christophe;NotifOK
32412;1597661;1090963375;1809715;Monsieur LAMBERT François-Michel;NotifOK
32413;1597667;1090963407;1809730;Madame LANGLADE Colette;NotifOK
32414;1597673;1091240646;1810283;Monsieur SADDIER Martial;NotifOK
32415;1597679;1091094128;1810284;Madame SAGE Maina;NotifOK
32416;1597685;1090963456;1809762;Monsieur LE BOUILLONEC Jean-Yves;NotifOK
32417;1597691;1091342153;1810074;Madame ORPHE Monique;NotifOK
32418;1597697;1091342168;1810075;Monsieur PAJON Michel;NotifOK
32419;1597703;1091342174;1810076;Monsieur PANCHER Bertrand;NotifOK
32420;1597709;1091240521;1810077;Madame PANE Luce;NotifOK
32421;1597720;1090812711;1809283;Madame DUFFLOT Cécile;NotifOK
32422;1597726;1091093783;1809920;Monsieur MARLEIX Olivier;NotifOK
32423;1597743;1090963229;1809617;Monsieur HERBILLON Michel;NotifOK
32424;1597749;1091239902;1809860;Monsieur LETCHIMY Serge;NotifOK
32425;1597755;1090814332;1809248;Monsieur DOSIERE René;NotifOK
32426;1597761;1091239546;1809797;Monsieur LEMAIRE Axelle;NotifOK
32427;1597767;1091240006;1809870;Madame LIGNIÈRES-CASSOU Martine;NotifOK
32428;1597773;1090963258;1809646;Monsieur HUTIN Christian;NotifOK
32429;1597779;1090963260;1809647;Monsieur HUYGHE Sébastien;NotifOK
32430;1597785;1090963263;1809657;Madame IBORRA Monique;NotifOK
32431;1597791;1090963304;1809670;Monsieur JORON Romain;NotifOK
32432;1597797;1091917814;1810308;Monsieur SALEN Paul;NotifOK
32433;1597834;1091094377;1809914;Madame ALFRED Marie-Jeanne;NotifOK
32434;1597840;1091917857;1810309;Monsieur SALLES Rudy;NotifOK
32435;1597846;1091917887;1810311;Monsieur SANSU Nicolas;NotifOK
32436;1597852;1091480904;1810312;Madame SANTAIS Béatrice;NotifOK
32437;1597858;1091480907;1810323;Madame SAS Eva;NotifOK
32438;1597864;1091917924;1810325;Monsieur SAUVAN Gilbert;NotifOK
32439;1597870;1091941796;1810326;Monsieur SAVARY Gilles;NotifOK
32440;1597875;1091917770;1810285;Monsieur SAID Boinali;NotifOK
32441;1597877;1091917788;1810289;Monsieur SAINT-ANDRÉ Stéphane;NotifOK
32442;1597883;1091918007;1810329;Monsieur SCELLIER François;NotifOK
32443;1597892;1091094145;1810333;Madame SCHMID Claudine;NotifOK
32444;1597902;1091918046;1810337;Monsieur SCHNEIDER André;NotifOK
32445;1597908;1091480915;1810338;Monsieur SCHWARTZENBERG Roger-Gérard;NotifOK
32446;1597914;1091480920;1810340;Monsieur SEBAOUN Gérard;NotifOK
32447;1597920;1091094422;1809932;Monsieur ARMAND MARTIN Philippe;NotifOK
32448;1597926;1091094426;1809933;Madame MARTINEL Martine;NotifOK
32449;1597932;1091342229;1810095;Madame PINEL Sylvia;NotifOK
32450;1597938;1091240120;1809879;Madame LOUIS-CARABIN Gabrielle;NotifOK
32451;1597944;1091240151;1809881;Madame LOUSTEAU Lucette;NotifOK
32452;1597954;1091240197;1809883;Madame LOUWAGIE Véronique;NotifOK
32453;1597960;1091918907;1810582;Monsieur WOERTH Éric;NotifOK
32454;1597966;1090814360;1809249;Monsieur DOUCET Philippe;NotifOK
32455;1597972;1090813700;1809250;Madame DOUCET Sandrine;NotifOK
32456;1597978;1091481001;1810354;Monsieur STRAUMANN Éric;NotifOK
32457;1597984;1091481011;1810355;Monsieur STURNI Claude;NotifOK
32458;1597990;1091481025;1810356;Monsieur SUGUENOT Alain;NotifOK
32459;1597996;1091481038;1810357;Madame TABAROT Michèle;NotifOK
32460;1598003;1091481042;1810358;Monsieur TAHUAITU Jonas;NotifOK
32461;1598009;1091240619;1810273;Monsieur ROUQUET René;NotifOK
32462;1598015;1091094103;1810274;Monsieur ROUSSET Alain;NotifOK
32463;1598021;1091094119;1810280;Monsieur DE RUGY François;NotifOK
32464;1598027;1091240766;1810346;Monsieur SIRÉ Fernand;NotifOK
32465;1598033;1091480954;1810347;Monsieur SOLÈRE Thierry;NotifOK
32466;1598039;1091918059;1810348;Madame SOMMARUGA Julie;NotifOK
32467;1598045;1091480981;1810351;Monsieur SORDI Michel;NotifOK
32468;1598051;1091239938;1809867;Madame LE VERN Marie;NotifOK
32469;1598057;1091239949;1809868;Madame LEVY Geneviève;NotifOK
32470;1598063;1091239984;1809869;Monsieur LIEBGOTT Michel;NotifOK
32471;1598069;1091240026;1809871;Madame LINKENHELD Audrey;NotifOK
32472;1598075;1091240047;1809873;Monsieur LONCLE François;NotifOK
32473;1598081;1091240251;1809886;Monsieur LUREL Victorin;NotifOK
32474;1598087;1091240262;1809889;Monsieur LURTON Gilles;NotifOK
32475;1598093;1091240292;1809891;Monsieur MAGGI Jean-Pierre;NotifOK
32476;1598099;1091240327;1809893;Monsieur MAMERE Noel;NotifOK
32477;1598105;1091240358;1809903;Monsieur MANCEL Jean-François;NotifOK
32478;1598111;1091240387;1809905;Madame MAQUET Jacqueline;NotifOK
32479;1598117;1091240405;1809906;Monsieur MARCANGELI Laurent;NotifOK
32480;1598123;1091240480;1809924;Monsieur MARLEIX Alain;NotifOK
32481;1598129;1091094390;1809926;Monsieur MARLIN Franck;NotifOK
32482;1598135;1091093800;1809927;Monsieur MARSAC Jean-René;NotifOK
32483;1598141;1091094399;1809928;Monsieur MARSAUD Alain;NotifOK
32484;1598147;1091094445;1809934;Monsieur MARTIN-LALANDE Patrice;NotifOK
32485;1598156;1091094474;1809964;Monsieur MARTY Alain;NotifOK
32486;1598162;1091093804;1809968;Madame MASSAT Frédérique;NotifOK
32487;1598169;1091094496;1809971;Madame MASSONNEAU Véronique;NotifOK
32488;1598175;1091094504;1809973;Monsieur MATHIS Jean-Claude;NotifOK
32489;1598181;1091917695;1809974;Madame MAZETIER Sandrine;NotifOK
32490;1598187;1091094512;1809975;Monsieur DE MAZIÈRES François;NotifOK
32491;1598193;1091342041;1809978;Monsieur MENARD Michel;NotifOK
32492;1598199;1091093839;1810033;Madame OLIVIER Maud;NotifOK
32493;1598205;1091342128;1810034;Monsieur OLLIER Patrick;NotifOK
32494;1598211;1091342119;1810028;Monsieur OLIVE Robert;NotifOK
32495;1598217;1091342134;1810073;Madame ORLIAC Dominique;NotifOK
32496;1598223;1091093874;1810078;Monsieur PAUL Christian;NotifOK
32497;1598229;1091093883;1810079;Madame PAU-LANGEVIN George;NotifOK
32498;1598235;1091093888;1810080;Monsieur PAUVROS Rémi;NotifOK
32499;1598241;1091342186;1810081;Monsieur PEIRO Germinal;NotifOK
32500;1598247;1091342195;1810082;Monsieur PÉLISSARD Jacques;NotifOK
32501;1598253;1091342207;1810084;Monsieur PELLOIS Hervé;NotifOK
32502;1598259;1091094543;1810085;Monsieur PEREZ Jean-Claude;NotifOK
32503;1598265;1090963117;1809461;Monsieur GLAVANY Jean;NotifOK
32504;;;1809462;Monsieur GOASDOUE Yves;
32505;1598276;1090963130;1809463;Monsieur GOASGUEN Claude;NotifOK
32506;1598282;1090963136;1809465;Monsieur GOLDBERG Daniel;NotifOK
32507;1598288;1090963137;1809466;Monsieur GOMES Philippe;NotifOK
32508;1598294;1090963158;1809583;Monsieur GROUARD Serge;NotifOK
32509;1598300;1090963165;1809590;Madame GUEGOT Françoise;NotifOK
32510;1598306;1090963187;1809594;Monsieur GUIBAL Jean-Claude;NotifOK
32511;1598312;1090963191;1809598;Monsieur GUILLET Jean-Jacques;NotifOK
32512;1598318;1090963227;1809616;Monsieur HEINRICH Michel;NotifOK
32513;1598324;1090963230;1809618;Monsieur HERTH Antoine;NotifOK
32514;1598330;1090963252;1809638;Monsieur HUET Guénhael;NotifOK
32515;1598336;1090963256;1809643;Madame HUILLIER Joelle;NotifOK
32516;1598342;1090963309;1809689;Madame KARAMANLI Marietta;NotifOK
32517;1598348;1090814929;1809305;Monsieur DUPRE Jean-Paul;NotifOK
32518;1598354;1090813993;1809306;Monsieur DURAND Yves;NotifOK
32519;1598360;1090813902;1809344;Monsieur DURON Philippe;NotifOK
32520;1598366;1090813856;1809348;Monsieur DUSSOPT Olivier;NotifOK
32521;1598372;1090963111;1809453;Monsieur GINESY Charles-Ange;NotifOK
32522;1598378;1090963306;1809671;Monsieur KALINOWSKI Laurent;NotifOK
32523;1598384;1090963311;1809690;Monsieur KEMEL Philippe;NotifOK
32524;1598390;1090963320;1809691;Monsieur KERT Christian;NotifOK
32525;1598396;1090814270;1809216;Monsieur DEMARTHE Pascal;NotifOK
32526;1598402;1090814302;1809217;Monsieur DEMILLY Stéphane;NotifOK
32527;1598408;1090963322;1809695;Madame KOSCIUSKO-MORIZET Nathalie;NotifOK
32528;1598414;1090963331;1809696;Monsieur KOSSOWSKI Jacques;NotifOK
32529;1598420;1090963334;1809697;Monsieur KRABAL Jacques;NotifOK
32530;1598426;1090963347;1809698;Monsieur LABAUNE Patrick;NotifOK
32531;1598432;1090963438;1809746;Monsieur DE LA VERPILLERE Charles;NotifOK
32532;1598438;1090963445;1809756;Monsieur LEBOEUF Alain;NotifOK
32533;1598444;1090963447;1809760;Monsieur LE BORGN' Pierre-Yves;NotifOK
32534;1598450;1090963462;1809765;Madame LEBRANCHU Marylise;NotifOK
32535;1598456;1090963469;1809772;Monsieur LE BRIS Gilbert;NotifOK
32536;1598462;1090963475;1809774;Madame LE CALLENNEC Isabelle;NotifOK
32537;1598468;1090963479;1809776;Madame LE DAIN Anne-Yvonne;NotifOK
32538;1598474;1090963487;1809781;Madame LE DISSEZ Viviane;NotifOK
32539;1598480;1090963491;1809782;Monsieur LEDOUX Vincent;NotifOK
32540;1598486;1090963495;1809783;Monsieur LEFAIT Michel;NotifOK
32541;1598492;1091239390;1809789;Monsieur LEFEBVRE Fréderic;NotifOK
32542;1598498;1091239425;1809790;Monsieur LE FUR Marc;NotifOK
32543;1598504;1090813314;1809263;Madame DUBY-MULLER Virginie;NotifOK
32544;1598510;1090813380;1809277;Monsieur DUFAU Jean-Pierre;NotifOK
32545;1598516;1091919058;1810587;Monsieur ZUMKELLER Michel;NotifOK
32546;1598522;1090184740;1809105;Monsieur CHEVROLLIER Guillaume;NotifOK
32547;1598527;1091239716;1809828;Monsieur LEQUILLER Pierre;NotifOK
32548;1598533;1091239730;1809834;Monsieur LE RAY Philippe;NotifOK
32549;1598539;1091239757;1809835;Monsieur LE ROCH Jean-Pierre;NotifOK
32550;1598545;1091342093;1810015;Madame NACHURY Dominique;NotifOK
32551;1598551;1091342100;1810016;Monsieur NAILLET Philippe;NotifOK
32552;1598557;1091093832;1810017;Monsieur NAUCHE Philippe;NotifOK
32553;1598563;1091342104;1810022;Monsieur NICOLIN Yves;NotifOK
32554;1598569;1091342111;1810023;Madame NIESON Nathalie;NotifOK
32555;1598575;1091342113;1810024;Monsieur NILOR Jean-Philippe;NotifOK
32556;1598581;1091342117;1810025;Monsieur NOGUES Philippe;NotifOK
32557;1598587;1091240570;1810140;Madame QUERE Catherine;NotifOK
32558;1598593;;1810215;Madame RABAULT Valérie;NotifOK
32559;1598600;1091240606;1810232;Madame REYNAUD Marie-Line;NotifOK
32560;1598606;1091481059;1810359;Madame TALLARD Suzanne;NotifOK
32561;1598612;1091094153;1810362;Monsieur TARDY Lionel;NotifOK
32562;1598618;1091918353;1810504;Monsieur VERCHÈRE Patrice;NotifOK
32563;1598624;1091918395;1810541;Monsieur VERDIER Fabrice;NotifOK
32564;1598630;1091094299;1810543;Monsieur VERGNIER Michel;NotifOK
32565;1598637;1091918459;1810550;Monsieur VIALA Arnaud;NotifOK
32566;1598643;1091094302;1810553;Monsieur VIALATTE Jean-Sébastien;NotifOK
32567;1598650;1091918510;1810555;Monsieur VIGIER Jean-Pierre;NotifOK
32568;1598656;1091240821;1810562;Monsieur VIGNAL Patrick;NotifOK
32569;1598662;1091918574;1810564;Monsieur VILLAIN François-Xavier;NotifOK
32570;1598668;1091943461;1810566;Monsieur VILLAUMÉ Jean-Michel;NotifOK
32571;1598674;1091094321;1810571;Monsieur VITEL Philippe;NotifOK
32572;1598680;1091918654;1810573;Monsieur VLODY Jean Jacques;NotifOK
32573;1598686;1091239468;1809792;Madame LE HOUEROU Annie;NotifOK
32574;1598692;1091239493;1809793;Monsieur LELLOUCHE Pierre;NotifOK
32575;1598698;1091239504;1809794;Madame LE LOCH Annick;NotifOK
32576;1598704;1091239593;1809812;Monsieur LEMASLE Patrick;NotifOK
32577;1598710;1091239618;1809816;Monsieur LE MENER Dominique;NotifOK
32578;1598720;1091239630;1809818;Madame LEMORTON Catherine;NotifOK
32579;1598726;1091239646;1809819;Monsieur LEONARD Christophe;NotifOK
32580;1598732;1091239664;1809826;Monsieur LEONETTI Jean;NotifOK
32581;1598738;1091239683;1809827;Madame LEPETIT Annick;NotifOK
32582;1598777;1091094519;1809981;Monsieur MENUEL Gérard;NotifOK
32583;1598783;1091342074;1809989;Monsieur MIGNON Jean-Claude;NotifOK
32584;1598789;1091918749;1810576;Monsieur WARSMANN Jean-Luc;NotifOK
32585;1598795;1091918786;1810580;Monsieur WAUQUIEZ Laurent;NotifOK
32586;1598801;1091918831;1810581;Monsieur WEITEN Patrick;NotifOK
32587;1598807;1091342092;1810011;Monsieur MYARD Jacques;NotifOK
32588;1598813;1091342083;1809994;Monsieur MORANGE Pierre;NotifOK
32589;1598819;1091342084;1809996;Monsieur MOREAU Yannick;NotifOK
32590;1598825;1091342088;1809998;Monsieur MOREL-A-L'HUISSIER Jean-Claude;NotifOK
32591;1598831;1091240501;1810000;Monsieur MOYNE-BRESSAND Alain;NotifOK
32592;1598837;1090814097;1809238;Monsieur DIVE Julien;NotifOK
32593;1598843;1090814172;1809240;Madame DOMBRE COSTE Fanny;NotifOK
32594;1598849;1090814248;1809241;Monsieur DOOR Jean-Pierre;NotifOK
32595;1598855;1090813041;1809255;Madame DUBIE Jeanine;NotifOK
32596;1598861;1090188502;1809157;Monsieur CORONADO Sergio;NotifOK
32597;1598866;1090188633;1809158;Madame CORRE Valérie;NotifOK
32598;1598872;1090188696;1809159;Monsieur COSTES Jean-Louis;NotifOK
32599;1598877;1090188843;1809160;Monsieur COTTEL Jean-Jacques;NotifOK
32600;1598882;1090814361;1809161;Monsieur DE COURSON Charles;NotifOK
32601;1598888;1090813290;1809201;Monsieur DEGAUCHY Lucien;NotifOK
32602;1598894;1090747647;1809202;Monsieur DEGUILHEM Pascal;NotifOK
32603;1598900;1090747740;1809209;Madame DELAUNAY Florence;NotifOK
32604;1598906;1090813956;1809214;Monsieur DELLERIE Jacques;NotifOK
32605;1598912;1090188372;1809155;Monsieur CORDERY Philip;NotifOK
32606;1598917;1090188200;1809152;Monsieur COMET David;NotifOK
32607;1598922;1090188155;1809150;Monsieur COLLARD Gilbert;NotifOK
32608;1598927;1090188086;1809137;Monsieur COLAS Romain;NotifOK
32609;1598932;1090187876;1809119;Madame CLERGEAU Marie-Françoise;NotifOK
32610;1598937;1090188017;1809135;Monsieur COCHET Philippe;NotifOK
32611;1598942;1091240861;1810584;Madame ZANETTI Paola;NotifOK
32612;1598948;1091918945;1810586;Madame ZIMMERMANN Marie-Jo;NotifOK
32613;1598954;1090188262;1809153;Monsieur COPE Jean-François;NotifOK
32614;1598959;1090813114;1809260;Madame DUBOIS Françoise;NotifOK
32615;1598965;1090813208;1809262;Madame DUBOIS Marianne;NotifOK
32616;1598971;1090814424;1809292;Madame DUFOUR-TONINI Anne-Lise;NotifOK
32617;1598977;1090814600;1809296;Monsieur DUMAS William;NotifOK
32618;1598983;;1809299;Madame DUMAS Françoise;NotifOK
32619;1598990;1090814706;1809301;Madame DUMONT Laurence;NotifOK
32620;1005647;1090814786;1809303;Monsieur DUMONT Jean-Louis;NotifOK
32621;1598996;1090814861;1809304;Monsieur DUPONT-AIGNAN Nicolas;NotifOK
32622;1599002;1090963408;1809731;Madame DE LA RAUDIERE Laure;NotifOK
32623;1599008;1090963411;1809732;Monsieur LARRIVE Guillaume;NotifOK
32624;1599014;1090816015;1809383;Madame FOURNIER-ARMAND Michèle;NotifOK
32625;1599020;;1810139;Monsieur QUENTIN Didier;NotifOK
32626;1599026;1091917663;1809864;Madame LETT Céleste;NotifOK
32627;1599032;1091094018;1810253;Monsieur ROBERT Thierry;NotifOK
32628;1599038;1090814277;1809366;Monsieur FÉRON Hervé;NotifOK
32629;1599044;1091342282;1810108;Monsieur POISSON Jean-frédéric;NotifOK
32630;1599050;1091240434;1809912;Monsieur MARIANI Thierry;NotifOK
32631;1599058;1091917910;1810324;Madame SAUGUES Odile;NotifOK
32632;1599064;1091480942;1810345;Monsieur SERVILLE Gabriel;NotifOK
32633;1599070;1090963440;1809753;Monsieur LAZARO Thierry;NotifOK
32634;1599076;1090814007;1809236;Madame DION Sophie;NotifOK
32635;1599082;1090747713;1809204;Monsieur DELATTE Rémi;NotifOK
32636;1599088;1091240232;1809884;Monsieur LUCA Lionnel;NotifOK
32638;1599094;1087463365;1809074;Madame CHABANNE Nathalie;NotifOK
32639;1599099;1090815326;1809391;Madame FRAYSSE Jacqueline;NotifOK
32640;1599105;1090815349;1809392;Monsieur FROMANTIN Jean-Christophe;NotifOK
32641;1599111;1087463084;1809009;Monsieur CALMETTE Alain;NotifOK
32642;1599117;;1808889;Madame BEAUBATIE Catherine;
32643;1599123;;1808920;Monsieur BELOT Luc;
32644;1599129;;1808921;Monsieur BENISTI Jacques Alain;
32645;1599134;1087440430;1808955;Monsieur BORGEL Christophe;NotifOK
32646;1599140;1087442532;1808958;Monsieur BOUDIE Florent;NotifOK
32647;1599146;1090814694;1809180;Madame DANIEL Karine;NotifOK
32648;1599148;1090814871;1809197;Monsieur DEBRE Bernard;NotifOK
32649;1599154;1090814337;1809198;Monsieur DECOOL Jean-Pierre;NotifOK
32650;1599161;;1808859;Monsieur BAPT Gérard;
32651;1599166;;1810136;Monsieur PRIOU Christophe;NotifOK
32652;1599172;1091342348;1810240;Monsieur RIESTER Franck;NotifOK
32653;1599178;1091094693;1810270;Monsieur ROUILLARD Gwendal;NotifOK
32654;1599184;1090813813;1809351;Monsieur ELKOUBY Eric;NotifOK
32655;1599190;1090813896;1809232;Monsieur DEVEDJIAN Patrick;NotifOK
32656;1599197;1090815144;1809415;Monsieur GAROT Guillaume;NotifOK
32657;1599203;1090813462;1809436;Monsieur GERARD Bernard;NotifOK
32658;1599209;1090813522;1809445;Monsieur GERMAIN Jean-Marc;NotifOK
32659;745993;1087452981;1808988;Madame BRUNEAU Isabelle;NotifOK
32660;1599216;1090963114;1809454;Monsieur GIRAN Jean-Pierre;NotifOK
32661;1599222;1090963192;1809600;Monsieur GUILLOTEAU Christophe;NotifOK
32662;1599250;1090963287;1809664;Monsieur JALTON Eric;NotifOK
32663;1599257;1090963380;1809718;Monsieur LAMBERT Jérôme;NotifOK
32664;1595858;1090812387;1809224;Monsieur DENAJA Sébastien;NotifOK
32665;1599263;1090813770;1809226;Madame DESCAMPS-CROSNIER Françoise;NotifOK
32666;1599269;1090814286;1809242;Monsieur DORD Dominique;NotifOK
32667;1599275;1091094417;1809931;Monsieur MARTIN Philippe;NotifOK
32668;1599282;1090812929;1809252;Monsieur DOUILLET David;NotifOK
32669;1595159;1091917726;1810272;Monsieur ROUMEGAS Jean-Louis;NotifOK
32670;1599288;1091240712;1810342;Monsieur SERMIER Jean-Marie;NotifOK
32671;1599294;1090963163;1809586;Monsieur GUAINO Henri;NotifOK
32672;1599300;1090963467;1809768;Monsieur LEBRETON Patrick;NotifOK
32673;1599306;1090963482;1809779;Monsieur LE DEAUT Jean-Yves;NotifOK
32674;1599312;1091240593;1810231;Monsieur REITZER Jean-Luc;NotifOK
32675;1599318;1091094316;1810557;Monsieur VIGIER Philippe;NotifOK
32676;1599320;1090963431;1809744;Monsieur LAURENT Jean-Luc;NotifOK
32677;1599326;1091239577;1809811;Monsieur LE MAIRE Bruno;NotifOK
32678;1599332;1091342079;1809990;Monsieur MOLAC Paul;NotifOK
32679;1599338;1091918689;1810575;Monsieur VOISIN Michel;NotifOK
32680;1599344;1091342089;1810001;Monsieur MUET Pierre-Alain;NotifOK
32681;1599350;1090814143;1809239;Monsieur DOLEZ Marc;NotifOK
32682;1599356;1091918135;1810447;Monsieur TUAIVA Jean-Paul;NotifOK
32683;1599362;1087463329;1809063;Monsieur CATHALA Laurent;NotifOK
